id,card_id,merchant_id,date,amount
1,3581138647869071,64092-120,2021-03-08 19:39:04,57
2,3553751342043224,51060-037,2021-07-10 08:16:07,762
3,3530046237633025,50436-6526,2021-11-16 01:18:53,734
4,3569337470610596,52099-8005,2021-03-31 11:24:45,56
5,4508963695011104,59011-750,2021-09-03 00:48:30,436
6,3558203325021244,49288-0675,2021-02-16 21:24:30,886
7,6761127834426691,0615-5541,2021-06-21 00:05:06,465
8,6397205751579130,36800-205,2021-11-16 02:45:39,400
9,676757924049134086,0179-0063,2021-06-13 06:56:32,453
10,5573362159001890,52584-921,2021-12-06 12:49:32,990
11,372301694425986,21695-666,2021-02-27 08:38:27,450
12,5100177348455274,29860-217,2021-02-03 15:15:30,843
13,5602245381682485,61096-0017,2022-01-17 20:53:23,918
14,67613844902417913,63402-208,2021-03-20 09:18:30,229
15,5100139099928065,64269-9907,2021-08-07 23:43:24,384
16,6395719891179322,59762-5091,2021-02-06 14:29:08,475
17,490386353168286086,0536-2220,2021-07-23 04:26:02,253
18,4745463150376772,64205-224,2021-10-09 21:13:43,653
19,3560156477515395,63304-549,2021-10-04 03:58:03,553
20,3567415367914479,67877-211,2021-09-25 10:55:11,929
21,5641823303238330,51060-037,2021-07-29 04:03:01,505
22,201882681233811,0179-0063,2021-08-01 23:22:21,141
23,5191211088940243,64092-120,2021-04-25 21:28:48,419
24,3543575378421670,61096-0017,2022-01-19 23:33:30,197
25,5100135251807881,52099-8005,2021-02-18 23:08:33,638
26,67621660904467783,0536-2220,2021-12-22 00:23:24,571
27,5048370413418963,64269-9907,2021-12-27 17:12:54,104
28,4911533139048157016,59762-5091,2021-03-20 03:40:41,898
29,3539050192723137,21695-666,2021-12-13 23:22:58,660
30,6381794212598654,36800-205,2021-07-19 01:17:12,147
31,5602211151330176,29860-217,2022-01-10 13:56:52,287
32,337941525546353,50436-6526,2021-05-17 22:40:16,179
33,201477441119689,0615-5541,2021-03-02 16:12:17,716
34,3532872043745077,63304-549,2021-06-20 11:28:27,904
35,6333084245184245925,64205-224,2021-06-21 21:20:09,848
36,337941969038578,63402-208,2021-08-01 06:55:58,617
37,3587847925524745,59011-750,2021-10-09 16:15:56,806
38,3551712769143469,52584-921,2021-12-20 12:10:30,780
39,30113550510163,49288-0675,2021-07-12 15:59:55,209
40,374288417444006,67877-211,2021-04-22 10:52:55,581
41,5377669554915211,61096-0017,2021-11-05 10:50:44,704
42,5108757932462349,0179-0063,2021-10-02 23:48:12,450
43,560223448253282656,59762-5091,2021-04-01 19:51:48,296
44,6763124613549446597,63304-549,2021-11-20 21:09:32,973
45,3585807296706190,36800-205,2021-08-13 16:42:42,845
46,3570433828726064,52099-8005,2021-05-25 04:55:35,752
47,3583192680832825,29860-217,2021-06-13 06:15:01,104
48,374288879786183,0615-5541,2021-04-06 16:25:34,902
49,560224389822588802,63402-208,2021-09-26 09:25:11,855
50,5502362529798643,64205-224,2021-03-24 02:08:25,53
51,201687462044224,59011-750,2021-06-22 19:21:52,275
52,3581984835148061,50436-6526,2021-09-19 23:07:25,116
53,5048379030406962,64269-9907,2021-02-19 03:01:12,1000
54,5602232918353095,52584-921,2021-01-26 12:07:37,27
55,378543396637376,64092-120,2021-07-31 04:36:06,180
56,6759054299076684,49288-0675,2021-06-02 06:39:08,443
57,30442532551718,51060-037,2021-05-12 11:18:14,420
58,201912094270728,21695-666,2021-06-22 09:19:15,788
59,201800525173324,0536-2220,2021-10-03 07:42:42,706
60,3582232644639311,67877-211,2021-11-16 09:00:38,561
61,67612045195559103,52584-921,2022-01-08 15:46:07,757
62,201812427201848,29860-217,2021-08-30 07:14:52,316
63,3530930191459115,51060-037,2021-07-16 16:40:22,670
64,3554786800385187,36800-205,2021-04-04 08:01:53,560
65,3574726107524944,63304-549,2021-03-13 15:16:11,76
66,3562285616091147,0179-0063,2021-06-02 15:22:44,531
67,3528399249977144,21695-666,2021-02-17 15:40:23,478
68,6382485140393800,64269-9907,2021-03-09 12:44:08,5
69,4508783279677033,64092-120,2021-11-11 09:22:35,445
70,63043267690305646,67877-211,2021-04-02 10:08:10,738
71,36349662156826,0536-2220,2021-07-19 22:04:27,111
72,3563809367745749,59762-5091,2021-05-25 15:59:57,499
73,3584711923995443,49288-0675,2021-07-07 12:04:30,204
74,5602212246561290983,61096-0017,2021-07-01 03:17:46,671
75,3575088138570696,64205-224,2021-10-17 02:27:55,527
76,3571718704008689,0615-5541,2021-03-19 08:26:03,324
77,3565710630971211,52099-8005,2021-05-16 17:09:48,106
78,501833806887937787,63402-208,2021-03-25 09:24:48,207
79,3583848725810809,50436-6526,2021-12-02 05:05:56,492
80,5602252512981844,59011-750,2021-06-22 09:11:56,873
81,3528508009682104,52584-921,2022-01-11 14:18:38,366
82,491162518818009348,64205-224,2021-05-24 15:49:43,963
83,3555565061880063,64092-120,2021-02-10 08:09:30,776
84,3542097869234042,50436-6526,2021-02-25 07:51:11,243
85,3530692398977352,63402-208,2021-05-01 14:32:32,185
86,4041594618019,0536-2220,2021-09-13 14:56:24,600
87,3588917293934070,21695-666,2021-03-07 20:04:56,395
88,3566087111265887,64269-9907,2021-06-05 15:41:20,951
89,5100144272351473,63304-549,2021-03-21 18:28:19,433
90,58938235402778226,52099-8005,2021-05-13 16:09:34,767
91,4041599910890163,51060-037,2021-07-24 02:05:03,228
92,3587697346625062,59762-5091,2021-05-28 01:39:38,505
93,675933333352625038,0179-0063,2021-10-04 11:56:21,57
94,3545007413694077,59011-750,2021-07-03 11:32:51,185
95,342664508383908,29860-217,2021-08-21 23:41:58,258
96,5602246734303688,61096-0017,2021-02-06 08:42:11,31
97,3581574413687828,49288-0675,2021-08-03 01:01:49,368
98,3533692252389790,67877-211,2021-06-06 09:13:09,743
99,5610129240354819,36800-205,2021-09-09 15:52:26,589
100,3545801308424222,0615-5541,2021-07-03 22:40:05,434
101,4041379987886,52584-921,2021-04-05 18:38:07,326
102,3578445690790814,63402-208,2022-01-07 16:48:38,579
103,36103908006760,52099-8005,2021-03-31 12:57:14,624
104,3556484672416144,50436-6526,2021-05-22 11:22:53,398
105,3528234153102407,59762-5091,2021-11-29 22:00:35,720
106,5478930777050543,51060-037,2021-05-10 21:47:12,373
107,5602225990021598,63304-549,2021-06-23 00:58:00,599
108,201480970289246,29860-217,2021-06-25 03:02:29,437
109,5393135935136786,49288-0675,2021-11-21 20:34:26,236
110,675902416555861372,67877-211,2021-02-26 03:42:02,377
111,3566581890007296,64092-120,2021-09-13 09:02:44,149
112,3534101289172350,59011-750,2021-09-20 21:16:21,976
113,3545228318723106,61096-0017,2021-05-07 12:31:52,293
114,372301591944030,0536-2220,2021-05-29 05:25:12,332
115,5537636769561665,21695-666,2021-08-12 08:35:44,24
116,3571961202849192,64205-224,2021-05-20 18:56:42,557
117,30199872127406,0615-5541,2021-11-23 12:13:07,756
118,5389095936311745,36800-205,2021-04-18 08:23:22,624
119,3587545861804820,64269-9907,2021-12-21 01:31:22,976
120,3542125651710042,0179-0063,2021-11-15 04:28:54,207
121,3581276144643977,61096-0017,2022-01-06 23:55:05,643
122,3546917430110510,29860-217,2021-10-14 18:04:06,984
123,675922562305990759,64269-9907,2021-05-13 04:28:01,975
124,3564710423395421,52099-8005,2021-04-30 12:26:13,383
125,3563761037432812,0536-2220,2022-01-22 13:02:31,203
126,30113550510163,0536-2220,2021-09-10 13:01:45,219
127,3532872043745077,29860-217,2021-11-22 23:23:10,544
128,3576078413157789,49288-0675,2021-03-24 09:58:33,96
129,201852912347003,63402-208,2021-06-16 08:23:53,459
130,201994244223278,0615-5541,2021-02-26 09:06:01,759
131,3562424209469952,52099-8005,2021-02-23 16:41:22,403
132,4041595263377,64205-224,2021-05-03 02:12:01,770
133,3535664746919241,36800-205,2021-02-10 05:38:25,864
134,6381794212598654,59762-5091,2021-06-09 13:34:40,92
135,5610341253475924894,63304-549,2021-10-22 04:01:33,75
136,4175004192313966,52584-921,2021-11-16 06:55:00,789
137,3528826901132535,0179-0063,2021-08-21 05:45:15,757
138,6763859511211842,67877-211,2021-08-08 05:34:45,96
139,3538879216543126,21695-666,2021-12-12 09:22:55,664
140,5602254428764736,61096-0017,2021-08-07 13:35:50,479
141,4844819842356318,64092-120,2021-09-25 02:01:56,348
142,3578445690790814,59011-750,2021-04-06 23:44:35,835
143,3557256909047093,50436-6526,2021-08-15 11:44:27,748
144,3556484672416144,64269-9907,2021-02-08 07:37:17,3
145,3534078307812177,51060-037,2022-01-09 21:47:35,401
146,6398116360084488,52584-921,2021-12-12 04:53:08,306
147,374622718935082,59762-5091,2021-02-22 18:50:57,345
148,4017955562129,0536-2220,2021-11-13 02:40:23,781
149,5610129240354819,0179-0063,2021-10-07 18:20:04,187
150,3581362847070799,61096-0017,2021-11-22 02:04:28,226
151,3576122616857603,0615-5541,2021-05-09 13:29:52,439
152,676170295490463509,64205-224,2021-10-11 21:28:56,511
153,3538154981936784,63304-549,2021-09-29 08:29:01,750
154,6763518242497035,29860-217,2021-04-29 16:03:23,840
155,56022510490341900,64269-9907,2021-05-07 14:22:43,827
156,337941525546353,67877-211,2021-07-12 02:23:47,285
157,5406382176454982,63402-208,2021-05-01 09:30:11,66
158,5602251534957915,21695-666,2021-03-04 04:36:42,101
159,201465793789936,50436-6526,2021-05-21 09:54:30,1
160,6761572180529848,36800-205,2021-03-06 07:50:39,975
161,30167950364225,51060-037,2021-06-02 10:22:47,532
162,3545007413694077,52099-8005,2021-12-26 11:56:33,693
163,3550138997784802,64092-120,2021-02-21 22:42:43,980
164,3533511135171193,49288-0675,2021-08-10 05:27:14,233
165,5602249168849036,59011-750,2021-07-19 03:16:36,803
166,5010121373466060,59011-750,2021-05-17 04:24:43,448
167,3582245918238891,36800-205,2021-08-23 05:29:19,853
168,3549731533675494,63304-549,2021-09-02 09:12:14,232
169,5427480771757943,0179-0063,2022-01-01 17:48:42,16
170,374622701487927,61096-0017,2021-05-04 22:00:53,878
171,3560913000279471,50436-6526,2022-01-03 16:08:57,849
172,3560156477515395,64092-120,2021-02-15 02:09:46,190
173,3551712769143469,51060-037,2021-06-04 01:12:14,636
174,564182353802721991,0615-5541,2021-03-14 02:44:46,495
175,3557360840810344,0536-2220,2021-08-20 10:03:25,436
176,3576078211269919,29860-217,2021-03-03 19:53:32,823
177,5048372701501005,64269-9907,2021-06-08 17:05:07,245
178,5100174141386426,67877-211,2021-10-04 15:05:54,353
179,3576955327176585,63402-208,2021-07-05 20:11:56,32
180,30480997971906,59762-5091,2021-07-08 21:08:01,959
181,63048599904905752,64205-224,2021-09-24 03:20:05,428
182,3582277509294413,52584-921,2021-06-18 14:18:30,359
183,3539050192723137,52099-8005,2021-12-10 15:36:00,102
184,6304351569245870828,49288-0675,2021-09-05 04:31:12,468
185,3540178332930853,21695-666,2021-06-16 22:29:50,54
186,3565431901691871,0536-2220,2021-06-25 12:31:32,901
187,3575088138570696,49288-0675,2021-05-14 00:01:04,558
188,3556254119599129,64269-9907,2021-06-01 04:12:13,910
189,490352746888884868,29860-217,2021-02-18 12:49:23,54
190,3574835016230749,52584-921,2021-09-01 00:29:07,52
191,4911533139048157016,61096-0017,2021-06-14 09:37:55,327
192,3534047876677915,64092-120,2021-10-26 07:46:12,518
193,3587545861804820,64205-224,2021-11-23 23:09:26,983
194,36426788895659,51060-037,2021-02-05 10:13:57,109
195,374288879786183,59011-750,2021-08-04 19:32:26,232
196,3544538128466147,21695-666,2021-10-15 15:58:49,238
197,6759889049337683120,67877-211,2021-05-24 15:46:42,418
198,5602258575269365,0179-0063,2021-10-06 06:18:21,962
199,36349662156826,59762-5091,2021-03-08 02:12:23,199
200,67613844902417913,52099-8005,2021-04-23 07:48:45,995
201,67621660904467783,63304-549,2021-09-25 08:58:23,850
202,5048375669976416,63402-208,2021-09-24 16:09:59,210
203,3580781497180536,36800-205,2021-03-03 05:23:41,307
204,201812427201848,0615-5541,2021-11-16 19:46:40,921
205,6761000745405668,50436-6526,2021-07-18 18:25:04,122
206,337941380127893,61096-0017,2021-04-20 21:35:47,26
207,201480970289246,64092-120,2021-05-28 19:53:56,621
208,5602224585420539,0615-5541,2021-01-25 05:27:41,768
209,370284646804072,29860-217,2021-06-09 10:52:06,836
210,3563868291866872,36800-205,2021-06-15 13:51:07,39
211,6761117674556335,21695-666,2021-12-06 08:58:39,806
212,6762027504977768166,64269-9907,2021-12-29 15:54:25,71
213,675941194820408559,59762-5091,2021-03-17 16:38:58,334
214,3532286140293958,63402-208,2021-12-30 01:11:16,495
215,4041374540151,59011-750,2021-10-19 16:46:34,907
216,378543396637376,67877-211,2021-08-10 14:41:27,114
217,6382485140393800,51060-037,2021-02-10 12:04:56,172
218,4913151056147274,52584-921,2021-09-14 04:34:03,858
219,30398410160453,0179-0063,2021-01-28 02:25:58,906
220,5100140675912325,50436-6526,2021-05-13 03:34:41,79
221,342664508383908,63304-549,2021-12-19 08:44:32,554
222,3540371702091451,49288-0675,2021-06-19 18:17:38,493
223,6390236217946164,52099-8005,2021-09-23 15:00:35,921
224,3531580018019144,64205-224,2021-07-16 07:05:36,88
225,67612045195559103,0536-2220,2021-11-24 21:58:42,679
226,493618143258341303,64205-224,2021-03-09 03:51:31,277
227,5610546903844978,59011-750,2021-06-16 13:09:36,829
228,3547492065360482,59762-5091,2021-07-12 09:28:27,214
229,5048370413418963,52099-8005,2021-07-07 19:45:30,847
230,5377669554915211,0179-0063,2021-06-08 14:37:14,492
231,30230336868382,49288-0675,2022-01-10 08:16:37,765
232,3578393161343673,36800-205,2021-09-03 21:50:47,380
233,6394506477384124,67877-211,2021-05-27 01:02:29,433
234,3559883669427666,0615-5541,2021-06-26 17:56:26,68
235,3588917293934070,63402-208,2021-09-18 07:23:15,844
236,5100139099928065,63304-549,2021-04-21 19:34:27,748
237,3577101986589664,51060-037,2021-11-12 18:05:46,28
238,3542097869234042,61096-0017,2021-04-30 09:38:28,853
239,3580194084338840,64269-9907,2021-10-10 05:28:18,881
240,3574452923124310,0536-2220,2021-08-27 04:00:20,523
241,67614106220428397,21695-666,2021-02-16 03:25:34,754
242,3559662384959637,64092-120,2021-08-15 01:26:54,821
243,5007663183581823,29860-217,2021-06-01 10:10:27,481
244,3583489900204235,52584-921,2021-03-24 08:09:15,505
245,4041379987886,50436-6526,2021-03-13 14:57:08,436
246,3579552949082718,52099-8005,2021-04-04 10:15:13,425
247,5610804982220473,36800-205,2021-07-13 21:46:11,165
248,4290063293896469,64205-224,2021-06-14 05:04:16,440
249,503843840312657961,59762-5091,2021-07-21 01:08:48,774
250,4041599910890163,0179-0063,2021-01-31 11:36:25,718
251,3578393161343673,67877-211,2021-07-09 04:03:16,761
252,3562554942564519,52584-921,2021-11-10 12:17:26,173
253,67612045195559103,63402-208,2021-03-01 08:23:49,693
254,3535840283655568,0536-2220,2021-12-04 13:59:47,514
255,30167950364225,61096-0017,2022-01-03 10:53:21,398
256,36426788895659,52099-8005,2021-10-22 10:45:33,72
257,5100144272351473,64092-120,2021-09-12 22:23:14,224
258,493618143258341303,29860-217,2021-10-18 14:56:05,111
259,3528030428536787,21695-666,2021-09-22 05:35:43,155
260,5602237059798800,59762-5091,2021-02-08 13:09:36,235
261,5100139099928065,0615-5541,2021-05-26 20:28:56,278
262,5641823676205683871,50436-6526,2021-04-09 00:52:22,534
263,3545228318723106,64269-9907,2021-10-10 08:11:57,756
264,3580385105014713,64205-224,2021-05-28 00:13:37,222
265,560224389822588802,36800-205,2021-06-07 08:44:18,188
266,5584932153741209,59011-750,2021-12-01 08:38:16,663
267,30567977243213,0179-0063,2021-04-21 07:43:07,318
268,3581735677948319,51060-037,2021-11-29 06:09:58,946
269,3581433436359602,49288-0675,2021-04-06 22:06:55,497
270,3585667625569911,63304-549,2021-12-21 22:28:29,809
271,564182353802721991,63304-549,2021-09-18 23:47:09,478
272,6763689550351062,64205-224,2021-08-08 07:13:12,886
273,3545007413694077,29860-217,2021-12-08 11:55:20,843
274,5602218347802810,21695-666,2021-05-22 04:13:34,667
275,3551181253343557,59762-5091,2021-12-30 15:26:33,926
276,3528234153102407,59011-750,2021-04-24 13:34:52,155
277,3581574413687828,0536-2220,2021-03-06 09:38:24,73
278,3528749418457858,0179-0063,2021-11-14 15:46:43,172
279,6304351569245870828,67877-211,2021-09-13 08:41:39,594
280,4844819842356318,51060-037,2021-06-16 14:42:49,880
281,5602256124496513,63402-208,2021-09-18 04:27:33,334
282,3560991007978469,61096-0017,2021-04-18 11:56:07,680
283,5020884528887285074,52584-921,2021-07-13 10:53:02,825
284,3536267153657020,36800-205,2021-10-15 05:04:58,798
285,201912094270728,50436-6526,2021-10-29 04:13:54,938
286,5893852550333250823,52099-8005,2021-11-09 01:24:54,60
287,3569145455318105,64092-120,2021-10-06 13:07:31,479
288,201465793789936,0615-5541,2022-01-06 01:30:04,156
289,5048372738337191,64269-9907,2021-01-31 08:46:43,265
290,3576078211269919,49288-0675,2021-12-27 07:33:20,549
291,3534049910464482,0615-5541,2021-06-30 19:41:44,941
292,5641823303238330,63304-549,2021-09-23 15:33:14,994
293,3572734327005456,59011-750,2021-03-15 23:45:09,385
294,675927530800857216,59762-5091,2021-02-10 23:46:55,809
295,3530046237633025,52099-8005,2021-11-05 17:29:58,702
296,5010127381489481,64205-224,2021-08-23 04:26:17,503
297,4543062224758,67877-211,2021-10-02 02:15:53,199
298,3534078307812177,64092-120,2021-05-31 08:01:21,877
299,676170295490463509,49288-0675,2021-11-09 04:52:15,902
300,3575871179395994,0536-2220,2021-09-15 19:03:09,185
301,3583489900204235,51060-037,2021-10-21 18:10:45,21
302,5610129240354819,0179-0063,2021-05-12 06:13:35,123
303,3588067062158269,36800-205,2021-03-01 06:20:35,714
304,3534256452362210,64269-9907,2022-01-20 17:40:00,756
305,3564840213064828,63402-208,2021-03-10 03:08:28,555
306,3579537249832128,29860-217,2021-07-20 17:10:46,259
307,3540178332930853,50436-6526,2021-04-19 00:29:10,171
308,3587847925524745,61096-0017,2021-12-10 09:59:41,321
309,3581138647869071,21695-666,2021-07-16 06:34:45,847
310,374622718935082,52584-921,2021-07-03 08:09:43,97
311,6763518242497035,52584-921,2021-10-05 06:50:41,944
312,3553191379996640,63304-549,2021-02-16 20:47:52,477
313,5323804300880980,50436-6526,2021-05-24 10:26:18,98
314,675902416555861372,0615-5541,2022-01-10 01:18:45,682
315,6771205746847252997,51060-037,2021-03-10 18:04:06,228
316,201517605613892,0179-0063,2021-08-16 18:14:11,270
317,5100171087721384,64092-120,2021-06-07 15:16:26,836
318,3564088427105843,59011-750,2021-09-17 07:41:00,795
319,3554557573017822,64205-224,2021-11-09 02:45:24,769
320,5018051586981996187,21695-666,2022-01-20 00:13:53,907
321,3576122616857603,59762-5091,2021-02-11 17:58:05,188
322,4041374540151,0536-2220,2021-10-09 15:16:48,583
323,6762027504977768166,52099-8005,2021-08-09 03:18:54,949
324,3532286140293958,49288-0675,2021-11-18 03:29:06,482
325,3545801308424222,29860-217,2021-09-03 05:51:27,721
326,3542125651710042,64269-9907,2021-02-09 01:09:08,900
327,3533692252389790,61096-0017,2021-03-29 19:28:49,880
328,4913184990463051,36800-205,2021-06-15 15:22:01,922
329,3533030320816967,63402-208,2021-09-02 13:27:43,354
330,3540371702091451,67877-211,2021-06-29 18:13:54,378
331,4041599931938,61096-0017,2021-07-28 12:08:03,45
332,3556290483502810,29860-217,2021-12-21 05:47:24,18
333,5537636769561665,49288-0675,2021-07-18 17:25:41,339
334,3563442018637782,63304-549,2022-01-12 23:28:52,779
335,4917899396159161,63402-208,2021-03-02 02:19:51,281
336,6381794212598654,64092-120,2021-08-17 16:37:19,137
337,3585468521749560,52099-8005,2021-01-24 04:06:04,290
338,5542508422069662,64269-9907,2021-03-08 10:03:02,893
339,374622045752036,59011-750,2022-01-09 04:16:38,134
340,30480997971906,64205-224,2021-07-13 08:54:59,373
341,3530902459458691,0615-5541,2021-07-24 20:34:59,915
342,3553084632450986,51060-037,2021-12-23 08:10:58,705
343,490352746888884868,50436-6526,2021-04-11 17:52:45,263
344,4905096510313922477,0536-2220,2021-02-15 01:57:45,426
345,5100177278406750,59762-5091,2021-11-15 04:15:03,847
346,4026650640215533,36800-205,2021-05-20 18:40:22,379
347,6759168805845927,0179-0063,2021-11-23 06:41:54,266
348,201687462044224,21695-666,2021-04-05 18:24:15,805
349,3576078413157789,52584-921,2021-09-30 06:30:18,761
350,3584778297017021,67877-211,2021-08-30 15:16:28,67
351,5386458435331577,0615-5541,2021-10-31 22:40:50,137
352,3566627436089635,50436-6526,2022-01-09 07:42:27,5
353,5018171008466769570,61096-0017,2021-10-14 22:08:57,27
354,3583613636009150,63304-549,2021-08-07 03:26:57,917
355,3578502629890246,52099-8005,2021-03-04 15:28:53,773
356,5002354584793945,63402-208,2021-12-22 19:43:35,434
357,67613844902417913,0179-0063,2021-01-25 12:58:00,743
358,3532474489285724,59011-750,2021-07-18 23:47:48,16
359,370284646804072,51060-037,2021-06-14 10:58:47,394
360,6762782369835515992,49288-0675,2021-07-31 17:41:21,355
361,3533365806465685,36800-205,2021-04-02 19:01:36,712
362,3566087111265887,52584-921,2021-05-05 15:39:03,621
363,3575088138570696,0536-2220,2021-07-22 13:42:06,366
364,374622701487927,64205-224,2022-01-12 18:06:43,254
365,4913309223145700,64269-9907,2021-11-20 21:30:43,161
366,3538725699801483,67877-211,2021-05-06 02:10:09,478
367,3582277509294413,29860-217,2021-09-19 13:22:15,275
368,3531339907224095,59762-5091,2021-10-15 04:41:30,732
369,3532872043745077,21695-666,2021-06-02 02:27:41,179
370,6333703295217404,64092-120,2021-08-29 15:10:33,580
371,3574434006281928,29860-217,2021-08-24 17:53:10,956
372,5233041168747139,49288-0675,2021-03-09 21:24:40,672
373,337941380127893,52584-921,2021-04-01 02:16:06,499
374,3536458082329571,51060-037,2021-06-08 14:18:07,712
375,5602249168849036,59762-5091,2021-08-20 16:48:12,662
376,6759197802024863,50436-6526,2021-03-06 00:38:35,139
377,5100144272351473,63304-549,2021-06-02 10:03:29,282
378,3553956364130961,0536-2220,2021-11-28 16:29:06,97
379,4508143516212823,49288-0675,2021-06-01 18:46:41,949
380,6759054299076684,52584-921,2021-10-28 18:14:49,422
381,3583489900204235,64092-120,2021-12-23 05:35:37,835
382,5602221628241401,59762-5091,2021-02-26 15:57:16,743
383,3575088138570696,51060-037,2021-05-30 16:17:10,692
384,377348600292625,64205-224,2021-03-01 03:26:22,362
385,3564710847664824,61096-0017,2021-10-21 14:59:22,105
386,67631789678660261,0179-0063,2021-08-27 16:50:39,549
387,3582109972849631,64269-9907,2021-10-15 00:20:08,663
388,3528749418457858,67877-211,2021-12-29 04:04:20,688
389,4508783279677033,0615-5541,2021-05-17 23:26:23,993
390,4913309223145700,29860-217,2021-04-30 10:09:47,184
391,201812427201848,21695-666,2021-03-21 10:50:20,927
392,5610546903844978,59011-750,2021-02-26 12:06:49,679
393,30426778076282,63402-208,2021-04-25 17:52:13,371
394,5602245381682485,36800-205,2021-02-27 01:55:43,435
395,30452500510455,52099-8005,2021-06-05 03:33:34,208
396,4175004192313966,59762-5091,2021-10-28 09:43:26,139
397,5610243526959611,64269-9907,2021-02-24 07:10:40,518
398,490386353168286086,64205-224,2021-04-07 06:47:29,312
399,63043267690305646,51060-037,2021-03-13 15:00:01,107
400,3551554649239459,61096-0017,2021-02-16 04:10:45,400
401,30398410160453,63402-208,2021-02-23 23:15:29,473
402,5602212246561290983,63304-549,2021-07-30 12:21:41,37
403,676149417368068941,67877-211,2021-05-11 03:05:04,686
404,3575871179395994,21695-666,2022-01-09 15:09:40,861
405,5100135251807881,0179-0063,2021-07-24 11:44:24,180
406,6763859511211842,50436-6526,2021-08-15 02:35:59,893
407,201477441119689,29860-217,2021-11-17 16:30:25,587
408,5602211151330176,59011-750,2021-07-14 19:12:12,474
409,67093137851794716,52099-8005,2021-02-12 07:59:24,344
410,5100139099928065,52584-921,2021-04-03 04:49:24,402
411,3571718704008689,49288-0675,2021-06-06 15:56:03,195
412,4844675442137478,0615-5541,2021-05-05 19:25:45,704
413,3539658780088075,0536-2220,2021-09-01 12:54:58,658
414,3588194545551264,64092-120,2022-01-05 13:10:32,887
415,3563442018637782,36800-205,2021-09-22 22:44:27,277
416,3583569043352262,29860-217,2022-01-08 19:39:16,343
417,5112815023788859,0179-0063,2021-03-07 08:37:33,541
418,3582299193158886,63402-208,2021-12-26 16:03:39,315
419,675933333352625038,59011-750,2021-11-13 17:42:20,932
420,30075114840800,64205-224,2021-07-15 03:25:04,367
421,3538725699801483,21695-666,2021-08-24 03:31:41,836
422,3533087672380661,50436-6526,2021-03-17 23:06:40,85
423,5222056922269322,0615-5541,2021-10-03 03:36:01,765
424,675922562305990759,0536-2220,2021-02-14 01:38:06,500
425,3546917430110510,36800-205,2021-12-29 13:49:12,397
426,4913151056147274,64092-120,2021-08-05 00:33:04,422
427,201630001586628,49288-0675,2021-03-07 13:33:48,345
428,5406382176454982,59762-5091,2021-06-29 02:20:54,154
429,4913532302394770,52099-8005,2021-07-12 22:03:33,717
430,337941380127893,63304-549,2021-07-11 09:08:20,851
431,3540079877048244,51060-037,2021-04-04 10:35:54,875
432,3540371702091451,52584-921,2021-02-22 08:19:29,35
433,6763518242497035,64269-9907,2021-11-06 00:38:29,819
434,6767666414370687788,67877-211,2021-07-12 04:30:08,154
435,3533465977117337,61096-0017,2021-02-22 02:22:49,819
436,6763689550351062,59762-5091,2021-01-27 21:18:18,594
437,374622045752036,0179-0063,2021-04-22 16:49:13,901
438,6759041671732893,67877-211,2021-07-13 23:28:57,424
439,3556484672416144,29860-217,2021-01-27 16:19:48,120
440,3536267153657020,52584-921,2021-01-29 08:07:16,154
441,3533030320816967,36800-205,2021-11-10 21:11:03,544
442,3533692252389790,59011-750,2021-08-30 23:51:07,114
443,3540474825912445,50436-6526,2021-03-22 14:12:01,7
444,3582245918238891,63402-208,2021-09-05 14:24:54,700
445,3576078211269919,51060-037,2021-11-07 07:50:19,310
446,3566581890007296,52099-8005,2021-08-01 13:36:36,328
447,3530902459458691,0536-2220,2021-05-02 17:57:16,234
448,3572981748711655,0615-5541,2021-11-24 01:55:09,24
449,344006069204453,61096-0017,2021-05-28 02:09:33,483
450,374288861326063,64205-224,2021-07-27 03:11:44,607
451,3581984835148061,21695-666,2021-06-19 06:20:29,256
452,6386850099162207,64269-9907,2021-11-27 05:37:30,351
453,3563761037432812,63304-549,2021-05-29 00:20:28,155
454,36580916442642,64092-120,2021-11-26 05:00:12,67
455,3578445690790814,49288-0675,2021-04-11 07:13:37,879
456,3582232644639311,67877-211,2021-06-19 09:32:30,294
457,3565244646317615,64205-224,2021-09-07 10:17:55,664
458,6331104320705467,59762-5091,2021-02-01 05:28:58,192
459,4508080075341041,63402-208,2021-02-08 19:58:59,983
460,3571104423580425,49288-0675,2021-06-13 09:39:19,329
461,58938235402778226,36800-205,2021-12-07 23:47:45,331
462,3533365806465685,51060-037,2021-11-04 14:50:40,42
463,5100177278406750,52584-921,2021-03-20 01:52:59,168
464,6304027719636964,0615-5541,2021-12-30 14:54:34,889
465,3545007413694077,52099-8005,2021-08-16 06:57:42,218
466,677146140791676434,64092-120,2021-10-28 18:53:11,69
467,4405170502256989,29860-217,2021-03-16 20:31:25,799
468,3530930191459115,59011-750,2022-01-21 13:30:20,385
469,3565431901691871,61096-0017,2021-10-24 04:38:36,77
470,4911533139048157016,0536-2220,2021-07-18 14:50:17,704
471,5502362529798643,63304-549,2021-09-13 03:47:59,831
472,30113550510163,0179-0063,2021-04-24 08:43:12,469
473,6759889049337683120,50436-6526,2021-10-06 04:54:26,368
474,3543338146070174,64269-9907,2021-05-01 20:38:38,889
475,3570433828726064,21695-666,2021-06-26 17:13:13,418
476,30480997971906,52584-921,2021-12-18 02:23:03,346
477,3538725050767968,29860-217,2021-07-15 00:44:17,77
478,3534078307812177,67877-211,2021-10-08 22:29:36,607
479,5010121373466060,59762-5091,2021-06-19 04:24:27,876
480,5602241736254054,0536-2220,2021-08-16 02:30:40,97
481,372301694425986,52099-8005,2022-01-12 07:14:49,362
482,4026340361933841,64205-224,2021-09-08 19:21:38,75
483,5641823303238330,0179-0063,2021-05-24 17:48:49,352
484,56022581840583152,21695-666,2021-04-20 23:55:51,953
485,3560156477515395,51060-037,2021-11-06 16:44:07,635
486,3544790686838106,49288-0675,2021-12-29 15:20:35,679
487,3577036450512174,63402-208,2021-04-13 09:16:31,962
488,4903300513022206205,0615-5541,2021-02-19 09:36:23,562
489,4026318376955983,64269-9907,2021-07-02 11:55:15,299
490,3544145857029870,50436-6526,2021-03-23 04:12:31,392
491,3563604835245012,59011-750,2021-10-29 07:27:56,432
492,3574949468913379,64092-120,2021-10-29 01:32:23,902
493,3545136435892409,61096-0017,2021-03-09 20:02:04,1
494,3532474489285724,36800-205,2021-12-04 13:34:45,82
495,5048372738337191,63304-549,2021-12-16 01:56:46,339
496,3587697346625062,0536-2220,2021-10-01 09:56:49,1
497,30306545076429,50436-6526,2021-07-07 01:41:25,623
498,3579552949082718,64092-120,2021-06-15 06:12:13,77
499,5112485174821402,52099-8005,2021-05-05 05:47:33,114
500,3562285616091147,67877-211,2021-08-10 17:26:11,260
501,4041599910890163,59762-5091,2021-10-02 11:24:25,786
502,30123547332340,51060-037,2021-01-23 16:10:21,953
503,5610804982220473,67877-211,2021-09-24 06:52:11,241
504,3580385105014713,64092-120,2022-01-13 08:53:57,703
505,5048375667650245,21695-666,2021-02-08 17:42:19,384
506,5010127381489481,29860-217,2021-11-08 16:15:05,322
507,5602212246561290983,0179-0063,2021-07-22 14:48:47,952
508,3576078211269919,52099-8005,2021-05-23 08:45:24,719
509,6761000745405668,36800-205,2021-02-18 20:37:55,881
510,3583613636009150,0615-5541,2021-10-30 09:27:10,3
511,5893918481302794,63402-208,2021-03-13 13:08:49,197
512,3533087672380661,63304-549,2021-02-20 23:57:02,304
513,3571887718015251,49288-0675,2021-03-28 17:55:25,44
514,5048379030406962,0536-2220,2021-09-03 02:46:41,819
515,3532286140293958,61096-0017,2021-11-07 05:23:15,889
516,5100140675912325,64205-224,2021-10-13 18:08:27,603
517,4405170502256989,64269-9907,2021-02-07 09:11:11,637
518,3583656893212298,50436-6526,2021-12-10 12:28:51,26
519,675933333352625038,52584-921,2021-04-30 09:36:41,154
520,6333703295217404,59011-750,2021-04-16 23:05:53,584
521,3581362847070799,63304-549,2021-03-28 16:48:03,289
522,5048379060851905,52099-8005,2021-06-15 07:11:07,601
523,3575263561721872,64092-120,2022-01-22 20:00:27,216
524,3536382439063479,50436-6526,2022-01-13 21:56:27,130
525,3561527756816242,0536-2220,2021-04-25 18:30:35,117
526,3528399249977144,59011-750,2021-11-04 01:05:09,943
527,3557256909047093,63402-208,2021-08-01 19:09:12,336
528,3574452923124310,61096-0017,2021-11-18 00:43:48,460
529,3585667625569911,0179-0063,2021-12-15 08:30:26,966
530,4026632080757059,0615-5541,2021-03-17 13:54:17,837
531,4405373503575510,52584-921,2021-10-22 00:26:05,130
532,3572734327005456,67877-211,2021-12-24 05:33:19,310
533,3546233712794744,51060-037,2021-10-18 22:42:23,770
534,3556538322160483,64269-9907,2021-02-02 01:24:47,679
535,3556290483502810,59762-5091,2021-06-10 05:25:52,565
536,5485800892515913,64205-224,2021-03-21 08:40:23,672
537,3572981748711655,36800-205,2021-04-23 17:40:00,919
538,4026340361933841,49288-0675,2021-03-12 21:53:43,34
539,4844141102589664,29860-217,2021-05-19 20:42:18,967
540,5573362159001890,21695-666,2021-04-24 11:05:02,98
541,3567214710043494,64205-224,2021-10-21 12:39:54,338
542,3578393161343673,29860-217,2021-06-13 06:20:19,517
543,3588917293934070,52099-8005,2021-09-18 21:05:01,793
544,201835812505242,61096-0017,2021-12-05 22:07:46,276
545,4903300513022206205,59011-750,2021-04-04 02:29:55,691
546,3553969628096373,63304-549,2021-08-21 17:29:50,422
547,3563442018637782,0536-2220,2021-03-14 02:03:40,222
548,5602251534957915,63402-208,2021-05-16 16:12:07,222
549,3574434006281928,50436-6526,2022-01-19 11:20:51,308
550,5048370413418963,67877-211,2021-12-03 02:29:00,382
551,58932692090484663,52584-921,2021-07-17 16:03:26,346
552,3535664746919241,64269-9907,2021-05-27 09:41:04,402
553,5641823676205683871,51060-037,2021-07-27 03:17:47,275
554,3536673853342666,59762-5091,2021-01-30 19:44:21,607
555,4026174801537213,0179-0063,2021-07-02 21:50:46,822
556,4745463150376772,49288-0675,2021-04-13 00:36:30,903
557,3581574413687828,36800-205,2021-04-18 20:04:54,857
558,3539050192723137,64092-120,2021-04-15 20:40:36,69
559,3588298776494076,0615-5541,2021-07-30 16:29:45,92
560,5610341253475924894,21695-666,2021-07-08 13:30:59,883
561,3533692252389790,51060-037,2021-08-07 09:53:42,538
562,3585468521749560,63304-549,2021-04-15 05:04:48,472
563,3583192680832825,63402-208,2021-04-23 17:42:53,911
564,6771205746847252997,29860-217,2021-04-12 02:31:34,245
565,3547492065360482,36800-205,2021-08-31 10:38:59,361
566,67613844902417913,59011-750,2021-01-30 14:38:56,746
567,3533126055471018,0179-0063,2021-07-10 06:51:33,797
568,3556417237930225,59762-5091,2021-05-23 18:52:50,493
569,4175004192313966,67877-211,2021-12-19 03:03:59,647
570,201584603087453,61096-0017,2021-10-31 14:02:46,809
571,30306545076429,50436-6526,2021-05-05 21:11:03,170
572,3544790686838106,64269-9907,2021-02-19 08:09:21,866
573,3531901801314346,49288-0675,2021-07-01 23:09:10,832
574,3545538568991009,64205-224,2021-10-05 13:24:58,736
575,3579155300863344,0615-5541,2021-07-20 00:09:16,820
576,676757924049134086,21695-666,2021-11-17 22:17:44,902
577,3528239371767766,0536-2220,2021-02-11 06:40:22,40
578,3582232644639311,64092-120,2021-07-18 05:00:13,865
579,30167950364225,52099-8005,2021-08-18 06:40:51,865
580,3554557573017822,52584-921,2021-12-17 14:29:30,513
581,3540079877048244,59011-750,2021-06-24 14:15:08,1
582,337941787494144,61096-0017,2021-04-17 12:49:21,262
583,5048372738337191,50436-6526,2021-08-31 17:32:34,394
584,3530046237633025,52584-921,2021-04-21 16:26:38,169
585,6762782369835515992,59762-5091,2021-06-15 19:14:54,229
586,201517605613892,0179-0063,2021-05-17 02:47:23,500
587,4844384897375119,64092-120,2021-11-11 00:23:41,856
588,201636324823226,64205-224,2021-12-03 09:31:23,742
589,201630001586628,21695-666,2021-12-01 19:29:46,498
590,5100175714803085,64269-9907,2021-06-22 06:44:45,947
591,676170295490463509,63304-549,2021-05-27 19:22:44,246
592,3564840213064828,29860-217,2021-04-24 06:52:26,136
593,3554786800385187,0536-2220,2021-08-29 09:15:04,447
594,3570433828726064,36800-205,2021-05-03 05:24:29,567
595,4290063293896469,0615-5541,2021-10-01 17:52:00,87
596,3565710630971211,49288-0675,2021-06-21 05:48:55,16
597,5584932153741209,67877-211,2021-04-28 02:01:43,613
598,4913151056147274,52099-8005,2021-02-19 21:20:19,257
599,3538725050767968,51060-037,2021-09-14 02:11:48,873
600,3564710423395421,63402-208,2021-11-23 09:56:46,753
601,6759054299076684,29860-217,2021-09-09 09:47:07,370
602,5100144272351473,64269-9907,2021-06-19 02:05:00,507
603,378945146681614,36800-205,2021-07-25 22:43:33,159
604,3534049910464482,0536-2220,2021-06-16 22:09:57,956
605,6304772699954677,52584-921,2021-01-23 05:09:39,372
606,5602218347802810,0615-5541,2021-03-22 17:09:00,454
607,6759168805845927,59762-5091,2021-07-23 07:17:52,987
608,3530692398977352,63402-208,2021-10-01 02:07:10,726
609,4905050686946123,0179-0063,2021-09-05 11:20:01,731
610,6762027504977768166,51060-037,2021-02-14 20:17:31,926
611,5602245381682485,61096-0017,2021-11-08 21:11:28,319
612,3551554649239459,21695-666,2021-04-17 07:07:33,190
613,4917338151645056,49288-0675,2021-02-15 09:12:22,94
614,3547545795551546,64205-224,2021-05-11 11:32:37,392
615,5602249977332802,64092-120,2021-08-24 22:55:30,398
616,6397205751579130,63304-549,2021-05-03 13:02:58,476
617,5100139099928065,50436-6526,2021-03-23 10:42:12,410
618,201477441119689,67877-211,2021-05-26 13:19:44,345
619,3549731533675494,52099-8005,2021-10-01 01:56:51,12
620,3545136435892409,59011-750,2021-03-10 22:47:22,353
621,3560991007978469,59011-750,2021-12-27 17:41:40,725
622,3533365806465685,63304-549,2021-04-04 07:06:27,549
623,3556484672416144,51060-037,2021-09-17 14:59:42,579
624,374288337998305,64205-224,2021-03-29 23:04:09,532
625,5602211151330176,21695-666,2021-07-19 12:25:25,150
626,3585667625569911,63402-208,2021-12-21 20:35:15,429
627,5573362159001890,52099-8005,2021-11-16 18:03:08,428
628,491162518818009348,52584-921,2021-04-26 08:56:45,942
629,3558972816633952,0179-0063,2021-03-05 12:31:08,870
630,58938235402778226,63304-549,2021-01-24 14:28:13,842
631,4844675442137478,49288-0675,2021-10-09 08:28:34,437
632,3563761037432812,29860-217,2021-06-11 16:45:20,984
633,5478930777050543,36800-205,2021-07-23 18:08:48,448
634,3536218245943282,51060-037,2021-06-30 11:35:56,800
635,6398116360084488,59762-5091,2021-10-08 14:46:47,377
636,5602256124496513,59011-750,2021-02-16 16:48:58,424
637,5191211088940243,0536-2220,2022-01-12 17:43:07,467
638,4913184990463051,64269-9907,2021-01-25 20:48:14,165
639,3581984835148061,64092-120,2021-05-12 01:35:04,87
640,3569337470610596,64205-224,2021-07-27 09:48:57,345
641,5610129240354819,67877-211,2021-09-16 01:14:07,454
642,58932692090484663,50436-6526,2021-02-27 18:26:22,551
643,3538211551707860,0615-5541,2021-08-29 21:39:51,711
644,30289289059985,21695-666,2021-02-20 07:00:56,436
645,3533511135171193,61096-0017,2021-07-20 22:09:12,660
646,36103908006760,64269-9907,2021-02-09 18:02:25,275
647,3576078211269919,0179-0063,2021-04-23 14:58:43,309
648,6762027504977768166,49288-0675,2021-10-04 00:51:20,388
649,3585807296706190,50436-6526,2021-07-23 06:50:09,189
650,3564840213064828,36800-205,2021-05-04 12:04:56,443
651,201465793789936,59011-750,2021-02-02 13:14:42,775
652,374288879786183,0536-2220,2021-08-04 18:28:13,305
653,3581263406808654,52584-921,2021-10-08 22:16:35,399
654,3588067062158269,59762-5091,2021-06-08 05:28:43,547
655,5610274404189757,61096-0017,2021-10-07 12:32:17,835
656,3581362847070799,29860-217,2021-07-20 22:16:04,881
657,3553969628096373,67877-211,2021-08-03 16:12:23,451
658,6304351569245870828,51060-037,2021-06-06 10:14:58,117
659,4911533139048157016,63304-549,2021-09-12 21:20:46,29
660,4041599910890163,64205-224,2021-09-22 23:02:50,637
661,30398410160453,52099-8005,2021-02-17 00:26:00,24
662,3553084632450986,63402-208,2021-05-21 04:53:48,441
663,3560991007978469,64092-120,2021-11-26 22:20:27,228
664,6390236217946164,0615-5541,2021-09-28 20:47:10,426
665,3571961202849192,21695-666,2021-10-03 22:14:15,441
666,3538879216543126,51060-037,2021-11-07 11:30:19,118
667,3582283430401150,64205-224,2021-03-13 06:23:47,854
668,4026318376955983,21695-666,2021-03-12 18:28:14,982
669,3555924266396187,64269-9907,2021-03-02 03:46:34,23
670,564182353802721991,0179-0063,2021-03-23 06:10:06,24
671,3539454849064970,59762-5091,2021-04-06 11:14:37,847
672,6304348578214580,61096-0017,2021-09-17 05:45:39,103
673,6381794212598654,0615-5541,2021-10-31 17:16:28,905
674,3550988021756733,29860-217,2021-01-24 00:21:37,877
675,3562554942564519,63304-549,2021-02-16 22:28:29,785
676,5038777051534541,52099-8005,2022-01-05 13:25:09,849
677,5602245533489144,59011-750,2021-03-09 19:41:18,557
678,3531580018019144,50436-6526,2021-01-28 17:48:47,505
679,378945146681614,36800-205,2021-04-01 08:43:32,116
680,3536458082329571,67877-211,2021-05-26 08:07:04,681
681,3580385105014713,52584-921,2021-03-11 21:07:41,92
682,6761000745405668,49288-0675,2021-12-20 09:06:46,668
683,67621660904467783,0536-2220,2021-09-05 21:23:10,451
684,3566087111265887,63402-208,2021-08-03 14:08:08,424
685,3572734327005456,64092-120,2021-12-24 18:19:47,916
686,201630001586628,59762-5091,2021-02-16 13:46:57,667
687,5007663103313406,36800-205,2022-01-09 17:51:38,973
688,3583890391682484,0179-0063,2021-09-01 05:23:16,484
689,3528636644820233,49288-0675,2021-12-24 09:22:29,887
690,3578445690790814,52099-8005,2021-06-13 08:04:31,635
691,372301694425986,52584-921,2021-09-05 23:41:42,911
692,4913379936616438,61096-0017,2021-06-08 17:07:54,783
693,3545801308424222,50436-6526,2021-04-07 23:36:34,632
694,4913655153345938,59011-750,2021-06-25 02:16:42,621
695,3566581890007296,64269-9907,2021-05-14 14:15:49,954
696,377348600292625,64092-120,2021-02-11 15:43:09,680
697,5602212246561290983,51060-037,2021-06-22 09:40:49,549
698,4917338151645056,0536-2220,2021-04-19 05:54:45,709
699,3548215080602870,63402-208,2021-10-10 08:35:12,20
700,4041374540151,63304-549,2021-06-07 23:58:35,959
701,67614106220428397,67877-211,2021-09-09 20:17:16,81
702,30453981570604,29860-217,2022-01-16 19:21:46,361
703,3532286140293958,21695-666,2021-06-03 22:15:47,179
704,4917673664231899,64205-224,2021-07-21 06:03:00,1000
705,6761599470003846,0615-5541,2021-10-29 12:08:57,980
706,3560556526330516,52099-8005,2021-09-23 11:46:26,705
707,3544790686838106,0179-0063,2021-10-29 03:30:40,42
708,4041595263377,29860-217,2021-12-24 09:52:13,346
709,67711461273049471,64205-224,2021-11-30 23:32:56,730
710,3572615078709406,21695-666,2021-04-25 20:29:02,740
711,3542097869234042,51060-037,2021-02-08 08:54:04,942
712,3578393161343673,49288-0675,2021-12-27 05:35:00,672
713,5602254428764736,0615-5541,2021-07-07 20:51:34,653
714,3546329803042280,59011-750,2021-09-09 00:27:46,589
715,3563868291866872,64269-9907,2021-05-14 02:28:21,229
716,201497099965118,64092-120,2021-02-26 00:58:10,753
717,3545007413694077,63402-208,2021-09-01 06:00:18,1000
718,3584711923995443,63304-549,2021-10-17 17:15:04,848
719,372301278272341,67877-211,2021-05-31 17:05:28,692
720,6763859511211842,36800-205,2021-03-23 00:05:59,850
721,3562285616091147,59762-5091,2021-03-17 19:20:13,828
722,3565710630971211,61096-0017,2021-07-24 19:47:22,101
723,3533030320816967,0536-2220,2021-10-29 16:59:15,251
724,3547650386568733,52584-921,2021-10-07 20:26:44,569
725,30167950364225,50436-6526,2021-11-04 15:23:00,246
726,4917899396159161,59762-5091,2021-04-10 21:45:53,308
727,5002350552015360,52099-8005,2021-06-09 11:14:32,228
728,3567214710043494,0536-2220,2021-12-23 06:43:56,295
729,3577101986589664,0179-0063,2021-11-24 16:10:09,197
730,3551554649239459,49288-0675,2021-08-28 04:08:48,204
731,3577036450512174,64205-224,2021-01-29 00:45:08,59
732,3555991596783673,52584-921,2021-10-06 13:57:50,435
733,6331104320705467,64269-9907,2021-03-23 03:00:35,232
734,201788527793654,63304-549,2021-10-25 00:11:20,898
735,3549731533675494,36800-205,2021-07-25 11:00:42,646
736,3538756823918703,51060-037,2021-03-25 23:10:13,327
737,3587697346625062,64092-120,2021-03-13 16:10:18,181
738,201517605613892,50436-6526,2021-02-05 01:28:07,178
739,30306545076429,0615-5541,2021-05-04 13:30:06,258
740,3554557573017822,29860-217,2021-10-12 18:28:46,267
741,337941969038578,67877-211,2021-02-15 06:25:08,423
742,201584603087453,59011-750,2021-12-16 17:52:40,267
743,6763689550351062,21695-666,2021-09-22 17:07:22,346
744,201562915159970,63402-208,2021-05-15 15:24:49,832
745,3564088427105843,61096-0017,2021-12-12 21:31:22,451
746,201524375031586,36800-205,2021-03-30 18:56:18,7
747,201812427201848,63402-208,2021-09-21 08:03:06,408
748,3588194545551264,49288-0675,2021-09-05 19:32:52,140
749,3579552949082718,29860-217,2021-05-17 04:16:48,944
750,4017958303754537,52584-921,2021-08-27 23:22:58,136
751,6761127834426691,59011-750,2021-07-18 21:07:32,18
752,5602212246561290983,63304-549,2021-03-29 09:01:58,877
753,6759889049337683120,52099-8005,2021-03-22 02:36:00,946
754,5377669554915211,64269-9907,2021-02-17 03:19:20,358
755,4026174801537213,64205-224,2021-12-03 02:03:25,192
756,30230336868382,51060-037,2021-05-02 16:14:48,685
757,374622045752036,0179-0063,2021-08-19 04:38:09,604
758,201570047689954,29860-217,2021-07-10 20:40:16,902
759,3534078307812177,50436-6526,2021-06-28 07:30:09,977
760,372301694425986,59762-5091,2021-10-02 18:16:32,861
761,3580781497180536,0536-2220,2021-03-11 21:25:16,99
762,5010121373466060,49288-0675,2021-09-01 02:35:29,245
763,3562285616091147,52584-921,2021-06-28 12:33:05,576
764,6333703295217404,36800-205,2021-05-25 08:32:28,678
765,3531339907224095,67877-211,2021-11-19 06:53:13,754
766,5002354588264547,0615-5541,2021-04-29 10:51:52,486
767,30567977243213,61096-0017,2021-02-24 03:59:15,266
768,3544962380639417,21695-666,2021-05-22 02:28:30,480
769,5610546903844978,63402-208,2021-04-19 19:02:34,892
770,5020884528887285074,64092-120,2021-08-11 17:27:00,517
771,6763859511211842,36800-205,2021-04-15 11:26:02,425
772,30140908857418,0179-0063,2021-10-05 04:47:39,912
773,6304772699954677,0615-5541,2021-02-22 02:14:26,937
774,3553084632450986,64269-9907,2021-10-26 00:09:40,816
775,3557360840810344,64205-224,2021-12-14 05:56:10,125
776,5007668884707395,50436-6526,2021-01-28 13:46:08,450
777,4903300513022206205,52099-8005,2021-03-27 03:15:51,108
778,3583656893212298,59011-750,2021-02-18 00:46:32,915
779,3540079877048244,29860-217,2021-12-28 14:28:12,123
780,560223448253282656,21695-666,2021-12-17 02:48:00,885
781,67093137851794716,61096-0017,2021-05-06 08:51:41,944
782,3571718704008689,63402-208,2021-06-20 07:20:21,175
783,5100174141386426,51060-037,2021-08-16 18:21:46,929
784,5539693687724436,64092-120,2021-05-15 15:31:34,632
785,3544790686838106,63304-549,2021-06-11 11:44:06,779
786,5602256124496513,67877-211,2021-07-11 02:51:00,69
787,56022581840583152,52584-921,2021-12-25 01:51:22,828
788,5100139099928065,0536-2220,2021-11-07 21:20:33,726
789,201497099965118,49288-0675,2021-05-08 19:22:59,973
790,5100144272351473,59762-5091,2021-09-15 18:09:24,149
791,5048375669976416,49288-0675,2021-02-19 00:38:45,562
792,3551153687792832,67877-211,2021-11-15 21:46:49,887
793,3575263561721872,59762-5091,2021-04-20 06:27:44,826
794,630404712040244614,0179-0063,2021-07-06 21:32:00,996
795,6304351569245870828,63402-208,2021-05-02 18:55:01,427
796,491162518818009348,0615-5541,2021-08-09 21:03:09,762
797,3588563398401845,29860-217,2021-10-13 06:48:03,594
798,3587697346625062,52584-921,2021-09-25 06:08:35,529
799,67614106220428397,52099-8005,2022-01-12 10:24:04,297
800,3549731533675494,21695-666,2021-08-14 20:27:55,911
801,3565710630971211,64269-9907,2021-03-04 15:20:22,105
802,374288417444006,36800-205,2021-02-10 09:29:45,74
803,4911292267937723,51060-037,2021-07-16 21:53:43,30
804,3575871179395994,61096-0017,2021-04-21 01:44:34,625
805,6762782369835515992,50436-6526,2021-07-07 03:18:52,253
806,3533511135171193,0536-2220,2021-07-25 21:47:52,382
807,5478930777050543,64092-120,2021-11-22 00:26:48,469
808,6763518242497035,64205-224,2021-09-11 16:59:15,183
809,201687462044224,63304-549,2021-02-20 01:37:34,536
810,3574949468913379,59011-750,2021-08-04 03:18:27,259
811,3538154981936784,51060-037,2021-10-23 01:09:04,213
812,3528399249977144,52099-8005,2022-01-04 17:34:27,703
813,3561231396913713,0179-0063,2021-03-05 04:50:53,948
814,5048370413418963,49288-0675,2021-10-07 13:38:32,493
815,3566087111265887,59011-750,2021-06-20 02:32:49,274
816,5893918481302794,59762-5091,2021-12-05 00:23:01,938
817,3538725699801483,63304-549,2021-11-05 01:10:36,260
818,3581263406808654,52584-921,2021-01-27 10:52:36,690
819,3533030320816967,36800-205,2021-10-23 16:08:40,295
820,3556484672416144,21695-666,2022-01-18 03:54:50,330
821,4175004192313966,67877-211,2021-08-23 02:35:28,608
822,5393135935136786,64269-9907,2021-03-15 04:16:42,451
823,6761485656596076871,29860-217,2021-08-20 15:43:22,950
824,6390236217946164,0615-5541,2021-10-07 08:23:53,853
825,5502362529798643,0536-2220,2021-07-26 13:28:01,215
826,3573305129034603,63402-208,2021-07-20 11:44:39,985
827,3553191379996640,64092-120,2021-05-29 13:52:36,569
828,3528030428536787,50436-6526,2021-06-23 01:22:41,702
829,676170295490463509,61096-0017,2021-10-28 19:25:50,232
830,5048379030406962,64205-224,2021-02-12 09:29:52,785
831,3563761037432812,67877-211,2021-08-24 17:47:09,465
832,5100175714803085,51060-037,2021-06-16 21:41:19,546
833,3570433828726064,63402-208,2021-12-26 11:42:59,683
834,3551712769143469,50436-6526,2021-06-19 00:04:41,46
835,30075114840800,63304-549,2021-08-04 00:08:11,976
836,5048379060851905,64205-224,2022-01-01 15:08:16,52
837,3563868291866872,64092-120,2021-10-31 16:11:30,212
838,4911533139048157016,0179-0063,2021-08-23 07:17:57,34
839,372301278272341,52584-921,2021-05-09 21:13:03,615
840,3560913000279471,64269-9907,2021-03-18 17:22:14,855
841,3577036450512174,0615-5541,2021-10-18 04:06:31,57
842,3578393161343673,59011-750,2021-07-04 00:01:35,199
843,5584932153741209,59762-5091,2021-11-25 03:25:13,646
844,378543396637376,36800-205,2021-03-06 11:12:35,371
845,3556390876721439,0536-2220,2021-11-05 04:11:51,932
846,3582299193158886,29860-217,2021-05-07 07:04:45,18
847,3571961202849192,52099-8005,2021-10-11 10:13:05,665
848,5610243526959611,21695-666,2021-05-07 10:58:58,367
849,6759168805845927,49288-0675,2021-10-08 19:31:15,615
850,201882681233811,61096-0017,2021-10-04 13:46:24,43
851,3555991596783673,67877-211,2021-06-27 23:23:23,836
852,3546156408281934,50436-6526,2021-07-20 07:32:59,690
853,372301591944030,51060-037,2021-10-18 07:49:59,785
854,3559883669427666,36800-205,2021-09-09 22:30:14,821
855,201562915159970,0615-5541,2021-09-04 08:43:31,901
856,337941525546353,64092-120,2021-07-20 04:57:24,540
857,3574452923124310,21695-666,2021-11-05 06:25:20,876
858,3539454849064970,52584-921,2021-09-29 05:26:55,531
859,3579471408442018,52099-8005,2021-04-01 07:44:02,643
860,5602254428764736,0536-2220,2021-07-02 18:42:21,22
861,378945146681614,63304-549,2021-01-30 21:13:31,640
862,3560156477515395,64269-9907,2021-11-10 11:32:24,565
863,3575447783773775,61096-0017,2021-01-29 17:46:24,163
864,6767634289635662,59762-5091,2021-11-05 22:03:52,298
865,3531580018019144,0179-0063,2021-11-09 13:02:51,283
866,3563604835245012,29860-217,2021-08-22 08:31:31,840
867,3572734327005456,59011-750,2021-07-15 00:37:34,609
868,5038777051534541,49288-0675,2021-01-26 00:46:21,372
869,3549728259315990,63402-208,2021-07-02 10:24:23,869
870,3572981748711655,64205-224,2021-08-13 15:20:15,203
871,4508783279677033,51060-037,2021-05-03 16:12:05,12
872,3528749418457858,52584-921,2021-04-17 15:38:27,199
873,3538211551707860,59011-750,2021-12-20 12:27:23,205
874,3538879216543126,0615-5541,2021-02-03 01:28:59,681
875,6759197802024863,61096-0017,2021-10-07 08:19:16,910
876,3561231396913713,52584-921,2021-11-19 22:12:38,617
877,5610546903844978,29860-217,2021-01-24 07:28:34,721
878,3582245918238891,21695-666,2021-04-16 19:50:11,83
879,6304351569245870828,50436-6526,2021-10-26 14:19:25,256
880,5002350552015360,0536-2220,2021-01-28 01:04:58,452
881,5602255436469770,61096-0017,2021-02-09 21:40:04,125
882,3528628068091128,64269-9907,2021-03-15 20:35:55,339
883,4543062224758,59762-5091,2021-06-29 02:05:31,653
884,374288337998305,64205-224,2021-07-13 23:33:12,874
885,4844141102589664,0615-5541,2021-08-20 18:23:18,422
886,3528030428536787,52099-8005,2022-01-12 22:00:51,210
887,3574726107524944,59011-750,2021-07-31 17:54:48,769
888,6386850099162207,36800-205,2021-12-19 20:07:14,414
889,3575871179395994,49288-0675,2021-06-03 05:52:09,446
890,372301026637977,64092-120,2021-05-29 02:54:21,731
891,630404712040244614,51060-037,2022-01-08 09:28:26,355
892,3571887718015251,67877-211,2021-01-29 11:12:43,370
893,374622701487927,0179-0063,2021-07-17 15:35:50,202
894,3587697346625062,63402-208,2021-08-19 15:06:44,81
895,3544538128466147,63304-549,2021-08-23 13:42:12,269
896,5427480771757943,0536-2220,2021-05-22 03:20:31,67
897,3532286140293958,52584-921,2021-08-27 10:29:23,785
898,201630001586628,64269-9907,2022-01-07 17:28:33,656
899,3536673853342666,49288-0675,2021-03-07 14:32:11,75
900,6304348578214580,36800-205,2021-05-02 13:01:50,558
901,5048372738337191,0615-5541,2021-04-16 18:37:05,964
902,5602211151330176,67877-211,2021-11-20 09:07:06,160
903,30567977243213,64092-120,2021-04-08 19:11:31,235
904,3533126055471018,50436-6526,2021-11-03 09:38:11,990
905,6333084245184245925,59762-5091,2021-07-22 19:21:27,19
906,3538725699801483,63402-208,2021-12-11 16:12:00,235
907,3559883669427666,63304-549,2021-08-28 10:42:49,706
908,3583569043352262,51060-037,2022-01-21 04:33:42,954
909,3581433436359602,61096-0017,2021-08-09 14:33:31,11
910,5602245381682485,59011-750,2021-05-25 11:26:33,275
911,3534101289172350,29860-217,2021-07-19 23:19:56,501
912,5602249168849036,0179-0063,2021-03-11 16:37:33,56
913,201788527793654,52099-8005,2021-11-28 14:59:19,540
914,5007663183581823,64205-224,2021-08-05 22:42:44,344
915,564182353802721991,21695-666,2022-01-01 03:34:15,563
916,4175004192313966,0179-0063,2022-01-07 21:20:11,780
917,5002354588264547,59762-5091,2021-03-22 03:28:56,146
918,4508080075341041,64205-224,2021-11-08 22:18:44,210
919,3567415367914479,63402-208,2021-03-17 01:37:47,501
920,378945146681614,50436-6526,2021-07-16 21:24:39,952
921,5048375667650245,59011-750,2021-07-20 20:35:18,158
922,3545007413694077,29860-217,2021-12-01 20:51:50,997
923,676757924049134086,51060-037,2021-02-17 10:58:41,875
924,675927530800857216,49288-0675,2021-04-17 03:38:22,226
925,3528749418457858,36800-205,2022-01-03 00:52:22,741
926,36560505006149,61096-0017,2021-03-31 16:13:15,420
927,201800525173324,63304-549,2022-01-12 01:15:54,673
928,5610129240354819,0536-2220,2021-04-07 01:32:58,207
929,3571104423580425,52584-921,2021-02-11 16:20:14,441
930,3533511135171193,52099-8005,2021-07-09 12:20:34,430
931,490352746888884868,21695-666,2021-06-14 23:36:32,58
932,4903300513022206205,64269-9907,2021-09-28 15:29:26,45
933,30442532551718,64092-120,2021-10-04 19:37:31,920
934,4917260147697605,67877-211,2021-08-15 15:24:00,259
935,3546095211836437,0615-5541,2022-01-19 01:45:32,22
936,4026318376955983,0615-5541,2021-02-09 19:42:13,154
937,3528636644820233,29860-217,2021-02-07 08:51:28,149
938,201584603087453,59011-750,2021-06-01 07:22:00,433
939,676149417368068941,63304-549,2021-12-08 05:05:43,648
940,3583848725810809,0179-0063,2021-11-02 00:21:20,654
941,3555991596783673,0536-2220,2021-08-28 23:17:03,587
942,5584932153741209,36800-205,2021-06-17 16:10:30,896
943,3583656893212298,59762-5091,2021-07-16 01:03:36,838
944,374288861326063,64269-9907,2021-07-09 06:30:56,107
945,3584778297017021,64092-120,2021-07-23 14:41:43,243
946,374288879786183,21695-666,2021-07-07 14:01:37,64
947,374622718935082,49288-0675,2021-06-04 07:21:38,745
948,4508143516212823,64205-224,2021-06-16 19:47:49,300
949,6398116360084488,61096-0017,2021-04-23 06:08:20,632
950,3556290483502810,52099-8005,2022-01-03 03:25:21,121
951,3588194545551264,50436-6526,2021-05-31 03:26:46,421
952,3575263561721872,63402-208,2021-07-31 00:11:37,153
953,5010121373466060,51060-037,2021-12-29 21:53:42,127
954,3562424209469952,67877-211,2021-09-04 15:05:40,659
955,3574434006281928,52584-921,2021-06-05 12:31:41,849
956,36426788895659,64269-9907,2021-02-20 11:50:20,237
957,3556538322160483,63402-208,2021-02-03 02:43:01,964
958,3534078307812177,0615-5541,2021-11-20 09:20:47,729
959,3576078413157789,67877-211,2021-09-02 06:25:24,700
960,3551181253343557,63304-549,2021-07-19 16:01:01,9
961,3567214710043494,50436-6526,2021-10-01 02:51:16,732
962,5100140675912325,61096-0017,2021-07-01 18:13:56,139
963,5602222655448968,64205-224,2021-10-06 08:24:37,61
964,3530902459458691,59011-750,2021-04-02 20:36:30,247
965,3574452923124310,36800-205,2021-12-30 13:25:48,718
966,3545801308424222,64092-120,2021-10-15 11:04:32,339
967,3554557573017822,29860-217,2021-11-17 06:51:47,457
968,67621660904467783,59762-5091,2021-05-31 11:31:29,376
969,3572610854743265,49288-0675,2021-06-13 07:22:18,456
970,3553191379996640,0536-2220,2021-08-19 14:09:03,644
971,3556897917062110,21695-666,2021-03-11 14:32:01,278
972,3551712769143469,52584-921,2021-04-14 06:03:38,570
973,5233041168747139,52099-8005,2021-02-05 10:43:05,903
974,3547545795551546,51060-037,2021-10-25 00:57:27,256
975,3578393161343673,0179-0063,2021-06-28 18:11:51,861
976,6761599470003846,0179-0063,2021-11-16 10:15:24,163
977,3584711923995443,50436-6526,2021-12-31 22:08:17,902
978,3588563398401845,51060-037,2021-04-18 03:44:06,839
979,5100176970956518,64092-120,2021-02-28 22:52:21,968
980,3562285616091147,61096-0017,2021-12-02 14:46:05,631
981,3546329803042280,52099-8005,2021-12-23 07:01:27,954
982,3555321011550293,21695-666,2021-03-07 15:20:06,71
983,5100135251807881,59011-750,2021-11-09 15:36:06,658
984,3558259372249765,63402-208,2021-02-03 21:17:30,633
985,5222056922269322,49288-0675,2021-09-06 13:04:07,142
986,3566581890007296,0615-5541,2021-05-18 23:05:38,325
987,6761572180529848,67877-211,2021-03-09 00:01:21,727
988,63043267690305646,64205-224,2021-11-12 05:37:10,473
989,3528508009682104,36800-205,2021-05-21 00:44:56,20
990,5323804300880980,52584-921,2021-06-17 00:46:04,82
991,3576122616857603,59762-5091,2021-09-05 11:57:36,649
992,3533365806465685,29860-217,2021-07-03 09:59:41,202
993,378543396637376,0536-2220,2021-03-10 06:34:24,804
994,3579471408442018,64269-9907,2021-02-22 01:59:58,455
995,3538756823918703,63304-549,2021-05-20 19:36:01,209
996,3533740871309135,64092-120,2021-12-23 14:34:39,82
997,3583192680832825,50436-6526,2021-08-12 08:20:20,546
998,3563442018637782,0615-5541,2021-12-30 17:17:43,582
999,3546156408281934,0179-0063,2021-03-06 06:58:49,955
1000,5568946297081447,21695-666,2021-11-02 03:35:12,847
